insert into STUDENT (STUDENT_ID, FNAME, LNAME) values (100, 'Jeff', 'Goers');
insert into STUDENT (STUDENT_ID, FNAME, LNAME) values (200, 'Bayo', 'Erinle');
insert into STUDENT (STUDENT_ID, FNAME, LNAME) values (300, 'Geoff', 'Moes');

insert into EDUCATION (EDUCATION_ID, DEGREE_CODE, DEGREE_YR, INSTITUTION, STUDENT_ID) values (1, 'MD', 2008, 'HARV', 100);
insert into EDUCATION (EDUCATION_ID, DEGREE_CODE, DEGREE_YR, INSTITUTION, STUDENT_ID) values (2, 'PHD', 2010, 'PRINC', 100);
insert into EDUCATION (EDUCATION_ID, DEGREE_CODE, DEGREE_YR, INSTITUTION, STUDENT_ID) values (3, 'MS', 2007, 'HARV', 200);
insert into EDUCATION (EDUCATION_ID, DEGREE_CODE, DEGREE_YR, INSTITUTION, STUDENT_ID) values (4, 'MD', 2009, 'PRINC', 300);

insert into MEDICAL (MEDICAL_ID, DEGREE_CODE, DEGREE_YR, INST_NAME, STUDENT_ID) values (1, 'AZ', '2010', 'GW', 100);
insert into MEDICAL (MEDICAL_ID, DEGREE_CODE, DEGREE_YR, INST_NAME, STUDENT_ID) values (2, 'PF', '2009', 'John Hopkins', 200);
insert into MEDICAL (MEDICAL_ID, DEGREE_CODE, DEGREE_YR, INST_NAME, STUDENT_ID) values (3, 'AZ', '2006', 'CVS', 200);
insert into MEDICAL (MEDICAL_ID, DEGREE_CODE, DEGREE_YR, INST_NAME, STUDENT_ID) values (4, 'CG', '2007', 'Atena', 300);
insert into MEDICAL (MEDICAL_ID, DEGREE_CODE, DEGREE_YR, INST_NAME, STUDENT_ID) values (5, 'PF', '2005', 'Blue Cross', 100);

insert into PUBLICATION (PUB_ID, AUTHOR, NAME, NO_PAGES, PUB_DATE, PUB_TYPE, STUDENT_ID) values (1, 'Jeff', 'Solr Insight', 20, '2010-06-10 00:00:00', 'WP', 100);
insert into PUBLICATION (PUB_ID, AUTHOR, NAME, NO_PAGES, PUB_DATE, PUB_TYPE, STUDENT_ID) values (2, 'Jeff', 'Search Galore', 15, '2009-11-20 00:00:00', 'ACT', 100);
insert into PUBLICATION (PUB_ID, AUTHOR, NAME, NO_PAGES, PUB_DATE, PUB_TYPE, STUDENT_ID) values (3, 'Jeff', 'Champinion Search', 10, '2006-01-01 00:00:00', 'WP', 100);
insert into PUBLICATION (PUB_ID, AUTHOR, NAME, NO_PAGES, PUB_DATE, PUB_TYPE, STUDENT_ID) values (4, 'Bayo', 'Understanding HSEARCH', 50, '2007-03-02 00:00:00', 'MAG', 200);
insert into PUBLICATION (PUB_ID, AUTHOR, NAME, NO_PAGES, PUB_DATE, PUB_TYPE, STUDENT_ID) values (5, 'Geoff', 'Taming Elastic Search', 5, '2006-02-14 00:00:00', 'ACT', 300);

insert into PROGRAM (PROG_ID, NAME, SECRET_CODE) values (1, 'P1', 'P101');
insert into PROGRAM (PROG_ID, NAME, SECRET_CODE) values (2, 'P2', 'P102');

insert into PROGRAM_ASSIGNMENT (ID, PROGRAM_ID, STUDENT_ID) values (1, 1, 100);
insert into PROGRAM_ASSIGNMENT (ID, PROGRAM_ID, STUDENT_ID) values (2, 2, 100);
insert into PROGRAM_ASSIGNMENT (ID, PROGRAM_ID, STUDENT_ID) values (3, 1, 200);
insert into PROGRAM_ASSIGNMENT (ID, PROGRAM_ID, STUDENT_ID) values (4, 2, 300);

insert into SCORE (SCORE_ID, SCORE, PROGRAM_ID, STUDENT_ID) values (1, 50, 1, 100);
insert into SCORE (SCORE_ID, SCORE, PROGRAM_ID, STUDENT_ID) values (2, 95, 2, 100);
insert into SCORE (SCORE_ID, SCORE, PROGRAM_ID, STUDENT_ID) values (3, 80, 1, 200);
insert into SCORE (SCORE_ID, SCORE, PROGRAM_ID, STUDENT_ID) values (4, 20, 2, 300);
